<?xml version="1.0" encoding="UTF-8"?>
<beans xsi:schemaLocation="http://www.springframework.org/schema/beans 
http://www.springframework.org/schema/beans/spring-beans-2.5.xsd 
http://www.springframework.org/schema/context 
http://www.springframework.org/schema/context/spring-context-2.5.xsd"
xmlns:context="http://www.springframework.org/schema/context"
xmlns:xsi="http://www.w3.org/2001/XMLSchema-instance" 
xmlns="http://www.springframework.org/schema/beans">
<context:annotation-config/> 
<context:component-scan base-package="com.da.controller"/> 
<bean id="jspViewResolver" class="org.springframework.web.servlet.view.InternalResourceViewResolver">
<property name="prefix" value="/WEB-INF/jsp/"/>
<property name="suffix" value=".jsp"/>
</bean> 
<bean id="dataSource" class="org.springframework.jdbc.datasource.DriverManagerDataSource">
<property name="driverClassName" value="oracle.jdbc.driver.OracleDriver"/>
<property name="url" value="jdbc:oracle:thin:@hstslc015:1521:elp"/>
<property name="username" value="elp1686"/>
<property name="password" value="msat123$"/>
</bean> 
<bean id="sessionFactory" class="org.springframework.orm.hibernate3.LocalSessionFactoryBean">
<property name="dataSource">
<ref bean="dataSource"/>
</property>
<property name="mappingResources">
<list>
<value>com/da/mappings/emall.hbm.xml</value>
<value>com/da/mappings/Login.hbm.xml</value>
<value>com/da/mappings/appointment.hbm.xml</value>
</list> </property> 
<property name="hibernateProperties"> 
<props>
<prop key="hibernate.dialect">org.hibernate.dialect.MySQLDialect</prop>
<prop key="hibernate.show_sql">true</prop>
<prop key="hibernate.hbm2ddl.auto">create</prop> 
</props> </property> 
</bean>
 <bean id="bookAppointmentService" class="com.da.service.BookAppointmentServiceImplementation" > 
 <property name="bookappointmentdao" ref="bookappointmentdao"/> 
 </bean> 
 <bean id="bookappointmentdao" class="com.da.dao.BookAppointmentDaoImplementation" > 
 <property name="ht" ref="ht"/> 
 </bean>
 <bean id="viewPatientService" class="com.da.service.ViewPatientServiceImplementation" > 
 <property name="viewpatientdao" ref="viewpatientdao"/> 
 </bean> 
 <bean id="viewpatientdao" class="com.da.dao.ViewPatientDaoImplementation" > 
 <property name="ht" ref="ht"/> 
 </bean>
<bean id="regService" class="com.da.service.RegistrationServiceImplementation" > 
<property name="regDao" ref="regDao"/> 
</bean> 
<bean id="regDao" class="com.da.dao.RegistrationDaoImplementation" > 
<property name="ht" ref="ht"/> 
</bean> 
<bean id="loginService" class="com.da.service.LoginServiceImplementation" > 
<property name="loginDao" ref="loginDao"/> 
</bean> 
<bean id="loginDao" class="com.da.dao.LoginDaoImplementation" > 
<property name="ht" ref="ht"/> 
</bean> 
<bean id="ht" class="org.springframework.orm.hibernate3.HibernateTemplate"> 
<property name="sessionFactory" ref="sessionFactory"/>
</bean> 

</beans>